{
  "ALMANYA": {
    "name": "ALMANYA",
    "states": {
      "BADEN-WÜRTTEMBERG": {
        "name": "Baden-Württemberg",
        "cities": [
          "AALEN",
          "ACHERN",
          "AIDLINGEN",
          "ALBSTADT",
          "ALLENSBACH",
          "ALPIRSBACH",
          "ALTHENGSTETT",
          "BACKNANG",
          "BAD DURRHEIM",
          "BAD KROZINGEN",
          "BAD SACKINGEN",
          "BAD URACH",
          "BAD WALDSEE",
          "BAD WURZACH",
          "BAD-SCHUSSENRIED",
          "BADEN-BADEN",
          "BAIERSBRONN",
          "BALINGEN",
          "BIBERACH AN DER RISS",
          "BIETIGHEIM-BISSINGEN",
          "BISSINGEN AN DER ENZ",
          "BLAUBEUREN",
          "BLUMBERG",
          "BOBLINGEN",
          "BONNDORF",
          "BOPFINGEN",
          "BOTZINGEN",
          "BRETTEN",
          "BRUCHSAL",
          "BUCHEN",
          "BUGGINGEN",
          "BUHL(BADEN-BADEN)",
          "BURLADINGEN",
          "CALW",
          "CRAILSHEIM",
          "DENZLINGEN",
          "DETTINGEN AN DER ERMS",
          "DETTINGEN UNTER TECK",
          "DIETENHEIM",
          "DITZINGEN",
          "DONAUESCHINGEN",
          "DURLACH",
          "EBERBACH",
          "EBERSBACH AN DER FILS",
          "EBINGEN",
          "EHINGEN (DONAU)",
          "EHNINGEN",
          "EISLINGEN",
          "ELLWANGEN",
          "EMMENDINGEN",
          "ENNETACH",
          "EPPINGEN",
          "ERDMANNHAUSEN",
          "ESSLINGEN",
          "ETTLINGEN",
          "FILDERSTADT",
          "FORBACH",
          "FREIBURG",
          "FREUDENSTADT",
          "FRIEDRICHSHAFEN",
          "FURTWANGEN",
          "GAGGENAU",
          "GAILDORF",
          "GAMMERTINGEN",
          "GARTRINGEN",
          "GEISLINGEN AN DER STEIGE",
          "GENGENBACH",
          "GIENGEN AN DER BRENZ",
          "GOMARINGEN",
          "GOPPINGEN",
          "GOTTMADINGEN",
          "GRABEN-NEUDORF",
          "GREFFERN",
          "GUGLINGEN -EIBENSBAC",
          "GUNDELSHEIM",
          "HAIGERLOCH",
          "HASLACH",
          "HECHINGEN",
          "HEIDELBERG",
          "HEIDENHEIM",
          "HEILBRONN",
          "HEMMINGEN",
          "HERRENBERG",
          "HEUBACH",
          "HIRSAU",
          "HOCKENHEIM",
          "HOHENSTEIN -OBERSTET",
          "HORB-NECKAR",
          "HUFINGEN",
          "IMMENSTAAD",
          "ISNY",
          "KARLSRUHE",
          "KEHL",
          "KIRCHDORF -ILLER",
          "KIRCHHEIM  UNTER TECK",
          "KIRHHEIM AM NECKAR",
          "KONGEN",
          "KONSTANZ",
          "KORNWESTHEIM",
          "KRESSBRONN",
          "KUSTERDINGEN",
          "LADENBURG",
          "LAHR",
          "LAICHINGEN",
          "LANGENARGEN",
          "LANGENAU (ULM YAKINI)",
          "LAUDA",
          "LAUFENBURG",
          "LAUFFEN AM NECKAR",
          "LAUPHEIM",
          "LEIMEN",
          "LEINFELDEN-ECHTERDINGEN",
          "LEONBERG",
          "LEUTKIRCH",
          "LIPBACH",
          "LONSEE",
          "LORCH",
          "LORRACH",
          "LOSSBURG",
          "LUDWIGSBURG",
          "MAGSTADT",
          "MAICHINGEN",
          "MANNHEIM",
          "MARBACH AM NECKAR",
          "MARKDORF",
          "MARKGRÖNINGEN",
          "MAULBRONN",
          "MECKENBEUREN",
          "MENGEN",
          "MESSKIRCH",
          "METZINGEN",
          "MOGLINGEN",
          "MOSBACH",
          "MUHLACKER",
          "MUHLHOFEN",
          "MULLHEIM",
          "MUNDERKINGEN",
          "MUNSINGEN",
          "MURRHARDT",
          "MUTLANGEN",
          "MÖSSINGEN",
          "NAGOLD",
          "NECKARSULM",
          "NELLINGEN A.D.FILDER",
          "NERESHEIM",
          "NEUDORF (Germersheim)",
          "NURTINGEN",
          "OBERDERDINGEN",
          "OBERKIRCH (BW)",
          "OBERNDORF A.N.",
          "OBERSTENFELD / WURTT",
          "OFFENBURG",
          "OHRINGEN",
          "OSTFILDERN",
          "OSTRINGEN",
          "PFALZGRAFENWEILER",
          "PFORZHEIM",
          "PFULLENDORF",
          "PFULLINGEN",
          "PHILIPPSBURG",
          "PLOCHINGEN",
          "RADOLFZELL",
          "RASTATT",
          "RAVENSBURG",
          "RENCHEN",
          "RENNINGEN",
          "REUTLINGEN",
          "RHEINFELDEN-KARSAU",
          "ROTTENBURG",
          "ROTTWEIL",
          "SACHSENHEIM",
          "SALACH",
          "SALEM",
          "SAULGAU",
          "SCHOMBERG",
          "SCHOPFHEIM",
          "SCHORNDORF",
          "SCHRAMBERG",
          "SCHRIESHEIM",
          "SCHUTTERWALD",
          "SCHWABISCH GMUND",
          "SCHWABISCH HALL",
          "SCHWAIKHEIM",
          "SCHWANINGEN",
          "SCHWETZINGEN",
          "SIGMARINGEN",
          "SINDELFINGEN",
          "SINGEN",
          "SINSHEIM",
          "SONTHEIM",
          "SONTHEIM AN DER BRENZ",
          "SPAICHINGEN",
          "STOCKACH (Konstanz)",
          "STUTTGART",
          "SULZ AM NECKAR",
          "SUSSEN",
          "TAUBERBISCHOFSHEIM",
          "TETTNANG",
          "TITISEE-NEUSTADT",
          "TRIBERG",
          "TROSSINGEN",
          "TUBINGEN",
          "TUTTLINGEN",
          "UBERLINGEN",
          "UHINGEN",
          "ULM",
          "UNTERHAUSEN (BW)",
          "URACH",
          "URBACH",
          "VAIHINGEN AN DER ENZ",
          "VILLINGEN-SCHWEN.",
          "WAGHAUSEL (WIESS.)",
          "WAIBLINGEN",
          "WALDENBUCH",
          "WALDKIRCH (Freiburg)",
          "WALDSHUT-TIENGEN",
          "WALLDORF",
          "WALLDURN",
          "WANGEN IM ALLGAU",
          "WEHINGEN",
          "WEIL AM RHEIN",
          "WEIL DER STADT",
          "WEIL IM SCHONBUCH",
          "WEINGARTEN",
          "WEINHEIM",
          "WELZHEIM",
          "WENDLINGEN AM NECKAR",
          "WERNAU",
          "WERTHEIM",
          "WIESLOCH",
          "WILDBAD I. SCHW.",
          "WILDBERG",
          "WILLSTATT",
          "WINNENDEN",
          "WINTERLINGEN"
        ]
      },
      "BAYERN": {
        "name": "Bayern",
        "cities": [
          "AICHACH",
          "ALLACH",
          "ALLERSBERG",
          "ALTDORF B. NURNBERG",
          "ALTENERDING",
          "ALTENMARK AN DER ALZ",
          "ALZENAU",
          "AMBERG",
          "ANSBACH",
          "ARNSTORF",
          "ASBACH(LANZING)",
          "ASBACH-BAUMENHEIM",
          "ASCHAFFENBURG",
          "AUGSBURG",
          "AY",
          "BAAR-EBENHAUSEN",
          "BABENHAUSEN/BAVAIRA",
          "BAD WINDSHEIM",
          "BADENDORF",
          "BAMBERG",
          "BAYREUTH",
          "BEILNGRIES",
          "BOBINGEN",
          "BRUCKMUHL",
          "BUCHLOE",
          "BURGAU",
          "BURGHAUSEN",
          "BURGKIRCHEN AN DER ALZ",
          "BURGLENGENFELD",
          "COBURG",
          "DACHAU",
          "DEGGENDORF",
          "DIETENHOFEN",
          "DILLINGEN AN DER DONAU",
          "DINGOLFING",
          "DONAUWORTH",
          "DORFEN (Munih)",
          "EBERSDORF BEI COBURG",
          "EBRACH (Wurzburg)",
          "EICHSTATT",
          "ELSENFELD",
          "ERDING",
          "ERGOLDSBACH",
          "ERLANGEN",
          "ERLENBACH AM MAIN",
          "ESSENBACH (Landshut)",
          "FAURSTENFELDBRUCK",
          "FEUCHTWANGEN",
          "FORCHEIM",
          "FREISING",
          "FREYSTADT",
          "FRIEDBERG (BAVARIA)",
          "FURSTENFELDBRUCK",
          "FURTH",
          "FUSSEN",
          "GARCHING",
          "GARMISCH-PART.",
          "GAUTING",
          "GEISENFELD",
          "GERETSRIED",
          "GERMERING",
          "GERSTHOFEN",
          "GILCHING",
          "GOLDBACH (Aschafenburg)",
          "GRUNWALD",
          "GUNZBURG",
          "GUNZENHAUSEN",
          "HAAR (Munih)",
          "HAIBACH (Aschafenburg)",
          "HAUSHAM/MIESBACH",
          "HEILSBRON",
          "HELMBRECHTS",
          "HERSBRUCK",
          "HERZOGENAURACH",
          "HOF",
          "HORGAU",
          "HOSBACH",
          "ICHENHAUSEN",
          "IHRLESTEIN",
          "ILLERTISSEN",
          "IMMENSTADT",
          "INGOLSTADT",
          "INNINGEN",
          "KARLSTADT",
          "KAUFBEUREN",
          "KELHEIM",
          "KEMPTEN",
          "KIPFENBERG",
          "KIRCHSEEON",
          "KITZINGEN",
          "KOLBERMOOR",
          "KONIGHOFEN IM GRABFELD",
          "KONIGSBRUNN",
          "KRUMBACH",
          "KULMBACH",
          "LANDAU AN DER ISAR",
          "LANDSBERG AM LECH",
          "LANDSHUT",
          "LANGQUAID",
          "LANGWEID",
          "LAPPERSDORF",
          "LAUF A.D.PEGNITZ",
          "LAUFACH",
          "LAUINGEN",
          "LEIPHEIM",
          "LICHTENFELS",
          "LINDAU (BAVARIA)",
          "LINDENBERG IM ALLGAU",
          "LOHR A.M.",
          "MAINBURG",
          "MARKT ERLBACH",
          "MARKT SCHWABEN",
          "MARKTHEIDENFELD",
          "MARKTOBERDORF",
          "MARKTREDWITZ",
          "MEMMINGEN",
          "MIESBACH",
          "MILTENBERG",
          "MINDELHEIM",
          "MOMBRIS",
          "MOMLINGEN",
          "MOOSBURG",
          "MUHLDORF AM INN",
          "MUNCHBERG",
          "MUNCHEN",
          "MURNAU",
          "NAILA",
          "NERSINGEN",
          "NEU ULM",
          "NEUBURG AN DER DONAU",
          "NEUFAHRN IN NIEDERBAYERN",
          "NEUMARKT IN DER OBER",
          "NEUNBURG VORM WALD",
          "NEUSES",
          "NEUSTADT B. COBURG",
          "NEUTRAUBLING",
          "NORDLINGEN",
          "NURNBERG",
          "OBERASBACH",
          "OBERKOTZAU",
          "OBING",
          "OCHSENFURT",
          "OLCHING",
          "OLSNITZ",
          "ORTENBURG",
          "OTTOBRUNN",
          "PARSBERG",
          "PASSAU",
          "PEGNITZ",
          "PFARRKIRCHEN",
          "PLATTLING",
          "RAIN",
          "REDWITZ A.D.RODACH",
          "REGENSBURG",
          "REGENSTAUF",
          "REHAU",
          "RODACH",
          "RODING",
          "ROSENHEIM",
          "ROTH",
          "ROTHENBACH -A.D.PEGNITZ",
          "ROTHENBURG O.D.TAUBER",
          "SCHIRNDING",
          "SCHONGAU",
          "SCHROBENHAUSEN",
          "SCHWABACH",
          "SCHWANDORF",
          "SCHWARZENBACH A.D.SAALE",
          "SCHWARZENBACH AM WALD",
          "SCHWEINFURT",
          "SCHWINDEGG",
          "SELB",
          "SELBITZ",
          "SENDEN(Bavaria)",
          "SIMBACH AM INN",
          "STADTPROZELTEN",
          "STARNBERG",
          "STOCKSTADT AM MAIN",
          "STRAUBING",
          "SULZBACH-ROSEMBERG",
          "TETTAU",
          "TITTMONING",
          "TRAUNREUT",
          "TRAUNSTEIN",
          "TROSTBERG AN DER ALZ",
          "TURKHEIM",
          "UNTERNEUKIRCHEN",
          "UNTERSCHLEISSHEIM",
          "VILSBIBURG",
          "VOHRINGEN",
          "WAGING SEE",
          "WALDKRAIBURG",
          "WALDSASSEN",
          "WALLERSDORF",
          "WASSERBURG",
          "WASSERBURG AM BODENS",
          "WEIDEN",
          "WEILHEIM",
          "WEISSENBURG IN BAYER",
          "WEISSENHORN",
          "WEMDING",
          "WENDELSTEIN",
          "WERTINGEN",
          "WOLNZACH",
          "WURZBURG",
          "ZIRNDORF"
        ]
      },
      "BERLIN": {
        "name": "Berlin",
        "cities": [
          "BERLIN"
        ]
      },
      "BRANDENBURG": {
        "name": "Brandenburg",
        "cities": [
          "BEELITZ",
          "BEESKOW",
          "BELZIG",
          "BERNAU",
          "BRANDENBURG/HAVEL",
          "CALAU",
          "COTTBUS",
          "EBERSWALDE",
          "EISENHUTTENSTADT",
          "FALKENSE",
          "FINSTERWALDE",
          "FORST (COTTBUS)",
          "FRANKFURT  ODER",
          "FURSTENWALDE",
          "GROSSRASCHEN",
          "GUBEN",
          "JUTERBORG",
          "KREMMEN",
          "LAUCHHAMMER",
          "LUBBEN",
          "LUBBENAU",
          "LUCKENWALDE",
          "NAUEN",
          "ORANIENBURG",
          "POSTDAM",
          "RATHENOV",
          "SEELOW",
          "SPREMBERG",
          "STRAUSBERG",
          "VETSCHAU",
          "WITTENBERGE"
        ]
      },
      "BREMEN": {
        "name": "Bremen",
        "cities": [
          "BREMEN",
          "BREMERHAVEN",
          "FINDORF"
        ]
      },
      "HAMBURG": {
        "name": "Hamburg",
        "cities": [
          "BERGEDORF",
          "BILLSTEDT",
          "FINKENWERDER",
          "HAMBURG",
          "HARBURG",
          "WILHELMSBURG"
        ]
      },
      "HESSEN": {
        "name": "Hessen",
        "cities": [
          "ALLENDORF/EDER",
          "ALSFELD",
          "AROLSEN",
          "AUERBACH (H)",
          "BABENHAUSEN/HESSEN",
          "BAD CAMBERG",
          "BAD HERSFELD",
          "BAD HOMBURG",
          "BAD NAUHEIM",
          "BAD SCHWALBACH",
          "BAD VILBEL",
          "BAD WILDUNGEN",
          "BAUNATAL",
          "BEBRA",
          "BEERFELDEN",
          "BENSHEIM",
          "BETTENHAUSEN",
          "BIEBESHEIM AM RHEIN",
          "BIEDENKOPF",
          "BISCHOFSHEIM",
          "BORKEN (HESSEN)",
          "BREIDENBACH",
          "BREUBERG",
          "BRUCHKÖBEL",
          "BUDINGEN",
          "BURSTADT",
          "BUTTELBORN",
          "BUTZBACH",
          "DARMSTADT",
          "DIEBURG",
          "DIETZENBACH",
          "DILLENBURG",
          "DREIEICH",
          "DUDENHOFEN",
          "EHRINGSHAUSEN",
          "ELTVILLE",
          "EPPERTSHAUSEN",
          "ERBACH",
          "ESCHBORN",
          "FELSBERG",
          "FLORSHEIM",
          "FRANKENBERG /EDER",
          "FRANKFURT",
          "FRIEDBERG (HESSEN)",
          "FRIEDRECHSDROF",
          "FULDA",
          "FURTH ODW. (HESSEN)",
          "GELNHAUSEN",
          "GIESSEN",
          "GINSHEIM",
          "GLADENBACH",
          "GRASELLENBACH",
          "GRIESHEIM (H)",
          "GROSS-GERAU",
          "GROSS-UMSTADT",
          "GROSS-ZIMMERN",
          "HADAMAR",
          "HAIGER",
          "HANAU",
          "HEPPENHEIM A.D.BERG.",
          "HERBORN",
          "HESSISCH LICHTENAU",
          "HIRSCHHORN (HESSEN)",
          "HOCHHEIM AM MAIN",
          "HOCHST IM ODENWALD",
          "HOFGEISMAR",
          "HOFHEIM",
          "HOFHEIM A. TAUNUS",
          "HUNGEN",
          "IDSTEIN",
          "KARBEN",
          "KASSEL",
          "KELKHEIM",
          "KELSTERBACH",
          "KIRCHHAIN",
          "KORBACH",
          "LAMPERTHEIM",
          "LANGEN",
          "LANGENSELBOLD",
          "LAUBACH (HESSEN)",
          "LAUTERBACH",
          "LIMBURG AN DER LAHN",
          "LIMESHAIN -ROMMERSHA",
          "LOHFELDEN",
          "LOLLAR",
          "MARBURG AN DER LAHN",
          "MELSUNGEN",
          "MICHELSTADT",
          "MORFELDEN - WALLDORF",
          "MUHLHEIM",
          "MUNDEN",
          "NEU-ISENBURG",
          "NEUSTADT IN HESSEN",
          "NIDDA",
          "OBERTSHAUSEN",
          "OBERURSEL",
          "OFFENBACH",
          "PFUNGSTADT",
          "RAUNHEIM",
          "REINHEIM (H)",
          "RUSSELSHEIM",
          "SCHLUCHTERN",
          "SCHWALBACH AM TAUNUS",
          "SONTRA",
          "STADTALLENDORF",
          "STERZHAUSEN",
          "URBERACH",
          "USINGEN",
          "VIERNHEIM",
          "VILLINGEN",
          "WACHTERSBACH",
          "WEILBURG",
          "WEITERSTADT",
          "WETZLAR",
          "WIESBADEN",
          "WITZENHAUSEN",
          "WOLFHAGEN"
        ]
      },
      "MECKLENBURG-VORPOMMERN": {
        "name": "Mecklenburg-Vorpommern",
        "cities": [
          "BOIZENBURG",
          "GREIFSWALD",
          "GREVESMUHLEN",
          "LUDWIGSLUST",
          "PARCHIM",
          "ROSTOCK",
          "SCHWERIN",
          "WISMAR"
        ]
      },
      "NIEDERSACHSEN": {
        "name": "Niedersachsen",
        "cities": [
          "ACHIM",
          "ADELEBSEN",
          "ALFELD-LEINE",
          "ANKUM",
          "BAD BENTHEIM",
          "BAD ESSEN",
          "BAD LAUTERBERG",
          "BAD PYRMONT",
          "BAD ZWISCHENAHN",
          "BARSINGHAUSEN",
          "BASSUM",
          "BENNEMUHLEN",
          "BLUMENTHAL",
          "BOFFZEN",
          "BOHMTE",
          "BOVENDEN",
          "BRAKE",
          "BRAMSCHE",
          "BRAUNSCHWEIG",
          "BRUNSWICK (BRAUNSCHWEIG)",
          "BUCHOLZ IN DER N.",
          "BUCKEBURG",
          "BURGDORF",
          "BUTZFLETH",
          "BUXTEHUDE",
          "CELLE",
          "CLAUSTHAL-ZELLERFELD",
          "CLOPENBURG",
          "CUXHAVEN",
          "DAMME",
          "DELMENHORST",
          "DISSEN",
          "DUDERSTADT",
          "ELSFETH",
          "EMDEN",
          "EMMERTHAL",
          "GANDERKESEE",
          "GARBSEN",
          "GARREL",
          "GEORGSMARIENHUTTE",
          "GIFHORN",
          "GOSLAR",
          "GOTTINGEN",
          "HAMELN",
          "HANNOVER",
          "HANNOVERSCH MUNDEN",
          "HARDEGSEN",
          "HELMSTEDT",
          "HERZBERG AM HARZ",
          "HESSISCH OLDENDORF",
          "HILDESHEIM",
          "HOLZMINDEN",
          "HUNTEBURG",
          "ISERNHAGEN F.B.",
          "KIRCHDORF",
          "KONIGSLUTTER",
          "LAATZEN",
          "LANGENHAGEN",
          "LAUENFORDE",
          "LEHRTE",
          "LEMWERDER",
          "LINDAU (LS)",
          "LOHNE",
          "LUNEBURG",
          "MELLE",
          "MEPPEN",
          "MORINGEN",
          "NEUSTADT AM RUBENBERGE",
          "NIENBURG (WESER)",
          "NORDEN",
          "NORDENHAM",
          "NORDHORN",
          "NORTHEIM",
          "OLDENBURG",
          "OSNABRUCK",
          "OSTERHOLZ-SCHARMBECK",
          "OSTERODE AM HARZ",
          "OTTERSBERG",
          "OYTEN",
          "PAPENBURG",
          "PEINE",
          "RASTEDE",
          "REHBURG-LOCCUM",
          "RETHEM",
          "RINTELN",
          "RONNENBERG (LS)",
          "ROSDORF",
          "ROTENBURG",
          "SALZGITTER",
          "SALZGITTER BAD",
          "SARSTEDT",
          "SCHUTTORF",
          "SEELZE",
          "SEESEN",
          "SEEVETAL",
          "SEHNDE",
          "SOLTAU",
          "SPRINGE",
          "STADE (LS)",
          "STADE-BUTZFLETH",
          "STADTHAGEN",
          "STADTOLDENDORF",
          "STEDERDORF (PEINE)",
          "STUHR",
          "SULINGEN",
          "SYKE",
          "UCHTE",
          "UELZEN",
          "VECHTA",
          "VERDEN",
          "WAGENFELD",
          "WALDBROL",
          "WALSRODE",
          "WARDENBURG",
          "WATENSTEDT",
          "WESTERSTEDE",
          "WILDESHAUSEN",
          "WILHELMSHAVEN",
          "WINSEN-LUHE",
          "WOLFENBUTTEL",
          "WOLFSBURG",
          "WUNSTORF",
          "ZEVEN"
        ]
      },
      "NORDRHEIN-WESTFALEN": {
        "name": "Nordrhein-Westfalen",
        "cities": [
          "AACHEN",
          "AHAUS",
          "AHLEN",
          "ALDENHOVEN",
          "ALFTER",
          "ALSDORF",
          "ALTENA",
          "APPELHULSEN",
          "ARNSBERG",
          "ASCHEBERG",
          "ASSELN",
          "ATTENDORN",
          "AUGUSTDORF",
          "BAD HONNEF AM RHEIN",
          "BAD LIPPSPRINGE",
          "BAD MEINBERG",
          "BAD OEYNHAUSEN",
          "BAD SALZUFLEN",
          "BAESWEILER",
          "BALVE",
          "BARDENBERG",
          "BARMEN(Wuppertal)",
          "BECKUM",
          "BEDBURG",
          "BERGHEIM",
          "BERGISH-GLADBACH",
          "BERGKAMEN",
          "BERGNEUSTADT",
          "BESTWIG",
          "BIELEFELD",
          "BISMARCK",
          "BLANKENHEIM",
          "BLOMBERG",
          "BOCHOLT",
          "BOCHUM",
          "BONEN",
          "BONN",
          "BORNHEIM",
          "BOTTROP",
          "BRAKEL",
          "BRAMBAUER (LUNEN)",
          "BRILON",
          "BRUGGEN",
          "BRUHL",
          "BUNDE",
          "BURSCHEID",
          "CASTROP-RAUXEL",
          "COESFELD",
          "DAHLHAUSEN",
          "DATTELN",
          "DELBRUCK",
          "DELLWIG",
          "DERNE(DORT.)",
          "DETMOLD",
          "DINSLAKEN",
          "DORMAGEN",
          "DORSTEN",
          "DORTMUND",
          "DRENSTEINFURT",
          "DUISBURG",
          "DULMEN",
          "DUREN",
          "DUSSELDORF",
          "EITORF",
          "ELSDORF",
          "EMMERICH",
          "EMSDETTEN",
          "ENGELSKIRCHEN",
          "ENNEPETAL",
          "ERFTSTADT",
          "ERKELENZ",
          "ERKRATH",
          "ERLE",
          "ESCHWEILER",
          "ESLOHE",
          "ESPELKAMP",
          "ESPELKAMP/RAHDEN",
          "ESSEN",
          "EUSKIRCHEN",
          "FINNENTROP",
          "FRECHEN",
          "FRONDENBERG",
          "GEILENKIRCHEN (NRW)",
          "GELDERN",
          "GELSDORF",
          "GELSENKIRCHEN",
          "GESEKE",
          "GEVELSBERG",
          "GLADBACH (NRW)",
          "GLADBECK",
          "GREVEN",
          "GREVENBROICH",
          "GRONAU",
          "GUMMERSBACH",
          "GURZENICH",
          "GUTERSLOH",
          "HAGEN (Ruhr Valley)",
          "HALLE (NRW)",
          "HALVER",
          "HAMM",
          "HAMM (MARL)",
          "HAMMINKELN",
          "HARSEWINKEL",
          "HASPE",
          "HASSEL",
          "HATTINGEN",
          "HEESSEN",
          "HEILIGENHAUS",
          "HEINSBERG",
          "HEMER",
          "HENNEF",
          "HERDECKE",
          "HERFORD",
          "HERNE",
          "HERRINGEN",
          "HERTEN",
          "HERZOGENRATH",
          "HIDDENHAUSEN",
          "HILDEN",
          "HOCHFELD (DUIS.)",
          "HOHENLIMBURG",
          "HOMBRUCH",
          "HORDE",
          "HORN - BAD MEINBERG",
          "HORST",
          "HOVEL",
          "HOXTER",
          "HUCKELHOVEN",
          "HURTH",
          "HUTZEMERT",
          "IBBENBUREN",
          "ISERLOHN",
          "JUCHEN",
          "JULICH",
          "KALDENKIRCHEN",
          "KAMEN",
          "KAMP -LINTFORT",
          "KEMPEN (NRW)",
          "KERPEN",
          "KIERSPE",
          "KOHLSCHEID",
          "KOLN",
          "KONIGSWINTER",
          "KORSCHENBROICH",
          "KRAY",
          "KREFELD",
          "KREUZTAL",
          "KURTEN",
          "LAGE",
          "LANGENFELD",
          "LEICHLINGEN",
          "LEMGO",
          "LENGERICH",
          "LENNESTADT",
          "LETMATHE",
          "LEVERKUSEN",
          "LINDLAR",
          "LIPPSTADT",
          "LOBBERICH",
          "LOHMAR",
          "LUBBECKE - GEHLENBEC",
          "LUDENSCHEID",
          "LUDINGHAUSEN",
          "LUGDE",
          "LUNEN",
          "MARL",
          "MARSBERG",
          "MECHERNICH",
          "MECKENHEIM",
          "MEINERZHAGEN",
          "MENDEN",
          "MESCHEDE",
          "METTMANN",
          "MINDEN",
          "MOERS",
          "MONCHENGLADBACH",
          "MONHEIM",
          "MULHEIM AN DER RUHR",
          "MUNSTER",
          "NACHRODT",
          "NETTETAL",
          "NEUBECKUM",
          "NEUKIRCHEN",
          "NEUSS",
          "NEUSS - NORF",
          "NIEDERKASSEL",
          "NIENHAGEN",
          "NORDKIRCHEN",
          "NOTTULN",
          "OBERADEN",
          "OBERHAUSEN",
          "ODENTHAL",
          "OEDT",
          "OELDE",
          "OER-ERKENSCHWICK",
          "OLPE",
          "OVERATH",
          "PADERBORN",
          "PELKUM",
          "PETERSHAGEN",
          "PFAFFENHAFEN ADI",
          "PLETTENBERG",
          "PULHEIM",
          "RADEVORMWALD",
          "RAHDEN",
          "RATINGEN",
          "RECKLINGHAUSEN",
          "REMSCHEID",
          "REPELEN (MOERS)",
          "RHEDA-WIEDENBRUCK",
          "RHEINBACH",
          "RHEINBERG",
          "RHEINDAHLEN",
          "RHEINE",
          "RHEINHAUSEN (DUIS.)",
          "RIETBERG",
          "RONSDORF",
          "ROSRATH",
          "ROTHAUSEN",
          "RUMELN (DUIS.)",
          "SALZKOTTEN",
          "SCHWELM",
          "SCHWERTE",
          "SENDEN(NRW)",
          "SENDENHORST",
          "SIEGBURG",
          "SIEGEN",
          "SINDORF",
          "SOEST",
          "SOLINGEN",
          "SPENGE",
          "SPROCKHOVEL",
          "ST. AUGUSTIN",
          "STADTLOHN",
          "STEELE",
          "STEINFURT",
          "STEINHAGEN",
          "STEINHEIM",
          "STEMWEDE-OPPENWEHE",
          "STOLBERG",
          "STRAELEN",
          "SUNDERN",
          "TELGTE",
          "TONISVORST",
          "TROISDORF",
          "UBACH-PALENBERG",
          "UERDING (KREFELD)",
          "UNNA",
          "VELBERT",
          "VERL",
          "VIERSEN",
          "VLOTHO",
          "VOERDE",
          "VOHWINKEL",
          "WALDBROL",
          "WALTROP",
          "WARENDORF",
          "WARSTEIN",
          "WASSENBERG",
          "WATTENSCHEID",
          "WEGBERG",
          "WEILERWIST",
          "WELVER",
          "WENDEN",
          "WERDOHL",
          "WERL",
          "WERMELSKIRCHEN",
          "WERNE A.D.LIPPE",
          "WESEL",
          "WESSELING",
          "WESTERHOLT",
          "WESTHOFEN",
          "WETTER",
          "WICKEDE (DORT.)",
          "WIEDENBRUCK",
          "WIEHL",
          "WILLICH",
          "WIPPERFURTH",
          "WITTEN",
          "WITTEN-HERBEDE",
          "WITTERSCHLICK",
          "WULFRATH",
          "WUPPERTAL",
          "WURSELEN",
          "ZULPICH"
        ]
      },
      "RHEINLAND-PFALZ": {
        "name": "Rheinland-Pfalz",
        "cities": [
          "ADENAU",
          "ALSENBORN",
          "ALTENKIRCHEN",
          "ALZEY",
          "ANDERNACH",
          "ANNWEILER",
          "BAD DURKHEIM",
          "BAD EMS",
          "BAD KREUZNACH",
          "BAD NEUENAHR-AHRWEILER",
          "BELLHEIM",
          "BENDORF (RHINELAND)",
          "BETZDORF",
          "BINGEN",
          "BOPPARD",
          "BUDENHEIM",
          "BULLAY",
          "BURGBROHL",
          "DANNSTADT",
          "EISENBERG",
          "EMMELSHAUSEN",
          "ETTRINGEN",
          "FRANKENTHAL",
          "FURTHEN (SIEG)",
          "GERMERSHEIM",
          "GEROLSTEIN",
          "GRUNSTADT",
          "GURNSTADT (RP)",
          "HACHENBURG",
          "HOHR -GRENZHAUSEN",
          "INGELHEIM",
          "JUNKERATH",
          "KAISERSESCH",
          "KAISERSLAUTERN",
          "KIRN",
          "KOBLENZ",
          "KONZ",
          "LAHNSTEIN",
          "LANDAU IN DER PFALZ",
          "LANDSTUHL",
          "LINZ AM RHEIN",
          "LUDWIGSHAFEN",
          "LUSTADT",
          "MAIKAMMER",
          "MAINZ",
          "MAXDORF",
          "MAYEN",
          "MONTABAUR",
          "MUTTERSTADT",
          "NASSAU",
          "NEUSTADT A.D. WEINSTRASSE",
          "NEUWIED",
          "OGGERSHEIM (LUDWIGS)H",
          "PIRMASENS",
          "RANSBACH-BAUMBACH",
          "REMAGEN",
          "RENNEROD",
          "ROCKENHAUSEN",
          "RUDESHEIM",
          "RULZHEIM",
          "SCHIFFERSTADT",
          "SELTERS",
          "SIMMERN",
          "SINZIG",
          "SPEYER",
          "SPRENDLINGEN",
          "TRIER",
          "ULMEN",
          "WEISENTHURM",
          "WIRGES",
          "WITTLICH",
          "WORMS",
          "WORRSTADT",
          "WORTH AM RHEIN",
          "ZWEIBRUCKEN"
        ]
      },
      "SAARLAND": {
        "name": "Saarland",
        "cities": [
          "BEXBACH",
          "BLIESKASTEL",
          "DILLINGEN(SAAR)",
          "HOMBURG-SAAR",
          "KLEINBLITTERSDORF",
          "LEBACH",
          "MERZIG",
          "NEUNKIRCHEN",
          "PUTTLINGEN",
          "QUIERSCHEID",
          "RILCHINGEN HANWEILER",
          "SAARBRUCKEN",
          "SAARLOUIS",
          "SCHMELZ",
          "SCHWALBACH (S)",
          "ST.INGBERT",
          "ST.WENDEL",
          "SULZBACH",
          "VOLKLINGEN",
          "WIEBELSKIRCHEN"
        ]
      },
      "SACHSEN": {
        "name": "Sachsen",
        "cities": [
          "BAUTZEN",
          "CHEMNITZ",
          "DELITZSCH",
          "DOBELN",
          "DRESDEN",
          "EILENBURG",
          "FRANKENBERG",
          "FREIBERG",
          "GLAUCHAU",
          "GORLITZ",
          "HOHENSTEIN ERNSTTHAL",
          "HOYERSWERDA",
          "KLINGENTHAL",
          "LEIPZIG",
          "NEUKIRCHEN",
          "OELSNITZ (CHEMNITZ)",
          "OLBERNHAU",
          "OSCHATZ",
          "PEGAU",
          "PIRNA",
          "PLAUEN",
          "RADEBEUL",
          "RADEBURG",
          "RIESA",
          "SCHNEEBERG",
          "STOLLBERG",
          "WEISSWASSER",
          "WURZEN",
          "ZWICKAU"
        ]
      },
      "SACHSEN-ANHALT": {
        "name": "Sachsen-Anhalt",
        "cities": [
          "AKEN",
          "BARLEBEN",
          "BURG",
          "CALBE",
          "DESSAU",
          "EISLEBEN (S-A)",
          "GENTHIN",
          "GOMMERN",
          "HALBERSTADT",
          "HALDENSLEBEN",
          "HALLE",
          "MAGDEBURG",
          "MARKNEUKIRCHEN",
          "MEISSEN",
          "MITTWEIDA",
          "OEBISFELDE",
          "OSCHERSLEBEN",
          "ROSSLAU",
          "SALZWEDEL",
          "SCHONEBECK",
          "WERNIGERODE",
          "ZEITZ",
          "ZERBST"
        ]
      },
      "SCHLESWIG-HOLSTEIN": {
        "name": "Schleswig-Holstein",
        "cities": [
          "AHRENSBURG",
          "BAD BRAMSTEDT",
          "BAD OLDESLOE",
          "BAD SCHWARTAU",
          "BAD SEGEBERG",
          "BREDSTEDT",
          "BRUNSBUTTEL",
          "BUDLESDORF",
          "ECKERNFORDE",
          "ELMSHORN",
          "EUTIN",
          "FLENSBURG",
          "GEESTHACHT",
          "GLINDE (HAMBURG)",
          "GLUCKSBURG",
          "GLUCKSTADT",
          "GROMITZ",
          "HEIDE",
          "HOHENWESTEDT",
          "HUSUM",
          "ITZEHOE",
          "KALTENKIRCHEN",
          "KAPPELN",
          "KELLINGHUSEN",
          "KIEL",
          "KRONSHAGEN",
          "LAUENBURG",
          "LECK",
          "LENSAHN",
          "LUBECK",
          "LUTJENBURG",
          "MALENTE",
          "MARNE",
          "MELDORF",
          "MOLLN",
          "NEUMUNSTER",
          "NIEBULL",
          "NORDERSTEDT",
          "OSTSTEINBEK",
          "PINNEBERG",
          "PLON",
          "PREETZ",
          "QUICKBORN",
          "RAISDORF",
          "RATZEBURG",
          "REINBEK",
          "RENDSBURG",
          "SCHLESWIG",
          "SCHWARZENBEK",
          "STOCKELSDORF",
          "TARP",
          "UETERSEN",
          "WAHLSTEDT",
          "WEDEL",
          "WESTERLAND",
          "WYK"
        ]
      },
      "THÜRINGEN": {
        "name": "Thüringen",
        "cities": [
          "APOLDA",
          "ARNSTADT",
          "BLANKENBURG",
          "EISENACH",
          "ERFURT",
          "GERA",
          "GOTHA",
          "HEILIGENSTADT",
          "ILMENAU",
          "JENA",
          "LEINEFELDE",
          "RONNEBURG",
          "SAALFELD",
          "SOMMERDA",
          "STRASSFURT",
          "SUHL",
          "WEIMAR"
        ]
      }
    }
  }
}